bpftool_feature_probe	PASS	rc=0	bpftool_feature_probe.txt (2243 lines)
btf_dump	PASS	-	btf.txt
bpftrace:sched_switch	PASS	-	attached=yes events=2650 duration_s=3.66
bpftrace:sched_wakeup	PASS	-	attached=yes events=1874 duration_s=3.64
bpftrace:softirq_entry	PASS	-	attached=yes events=2437 duration_s=3.64
bpftrace:softirq_exit	PASS	-	attached=yes events=2037 duration_s=3.66
bpftrace:tcp_retransmit_skb	PASS	-	attached=yes events=0 duration_s=3.64
bpftrace:inet_sock_set_state	PASS	-	attached=yes events=10 duration_s=3.66
bpftrace:kfree_skb	PASS	-	attached=yes events=91 duration_s=3.63
bcc_runqlat	FAIL	rc=1 /virtual/main.c:54:15: error: no member named 'state' in 'struct task_struct'; did you mean 'stats'?	bcc_runqlat.txt
perf_stat_root	PASS	-	perf_stat_root.txt
bpf_leak_check	PASS	-	before=23 after=22
